feature,ks_stat,p_value
CURRENT_WAIT_TIME,0.058120285447014364,3.564241341969202e-07
ADJUST_CAPACITY,0.02776375256554542,0.05723099397479692
