DAY_OF_WEEK,Test,Train,Val
0,0.1309328968903437,0.1452266464962991,0.13870703764320785
1,0.15057283142389524,0.13190880112377762,0.15057283142389524
2,0.13707037643207856,0.1392295639958939,0.132569558101473
3,0.1407528641571195,0.1396888000432222,0.13870703764320785
4,0.1395253682487725,0.14579393808417526,0.13666121112929625
5,0.1509819967266776,0.15657247825382248,0.15261865793780688
6,0.15016366612111293,0.14157977200280944,0.15016366612111293
