ENTITY_DESCRIPTION_SHORT,Test,Train,Val
Flying Coaster,0.3576104746317512,0.39083689016154305,0.35801963993453356
Water Ride,0.35597381342062195,0.3721702955319034,0.368657937806874
Pirate Ship,0.2864157119476268,0.23699281430655356,0.2733224222585925
